No, BLOCK, COUNT
1, 96, 248
2, 344, 248
3, 592, 248
4, 840, 248
5, 1088, 248
6, 1336, 248
7, 1584, 248
8, 1832, 248
9, 2080, 248
10, 2328, 248
11, 2576, 248
12, 2824, 248
13, 3072, 248
14, 3320, 248
15, 3568, 248
16, 3816, 248
17, 4064, 248
18, 4312, 248
19, 4560, 248
20, 4808, 248
21, 5056, 248
22, 5304, 248
23, 5552, 248
24, 5800, 248
25, 6048, 248
26, 6296, 248
27, 6544, 248
28, 6792, 248
29, 7040, 248
30, 7288, 248
31, 7536, 248
32, 7784, 248
33, 8032, 248
34, 8280, 248
35, 8528, 248
36, 8776, 248
37, 9024, 248
38, 9272, 248
39, 9520, 248
40, 9768, 248
41, 10016, 248
42, 10264, 248
43, 10512, 248
44, 10760, 248
45, 11008, 248
46, 11256, 248
47, 11504, 248
48, 11752, 248
49, 12000, 248
50, 12248, 248
51, 12496, 248
52, 12744, 248
53, 12992, 248
54, 13240, 248
55, 13488, 248
56, 13736, 248
57, 13984, 248
58, 14232, 248
59, 14480, 248
60, 14728, 248
61, 14976, 248
62, 15224, 248
63, 15472, 248
64, 15720, 248
65, 15968, 248
66, 16216, 168
67, 16384, 248
68, 16632, 248
69, 16880, 248
70, 17128, 248
71, 17376, 248
72, 17624, 248
73, 17872, 248
74, 18120, 248
75, 18368, 248
76, 18616, 248
77, 18864, 248
78, 19112, 248
79, 19360, 248
80, 19608, 248
81, 19856, 248
82, 20104, 248
83, 20352, 248
84, 20600, 248
85, 20848, 248
86, 21096, 248
87, 21344, 248
88, 21592, 248
89, 21840, 248
90, 22088, 248
91, 22336, 248
92, 22584, 248
93, 22832, 248
94, 23080, 248
95, 23328, 248
96, 23576, 248
97, 23824, 248
98, 24072, 248
99, 24320, 248
100, 24568, 248
101, 24816, 248
102, 25064, 248
103, 25312, 248
104, 25560, 248
105, 25808, 248
106, 26056, 248
107, 26304, 248
108, 26552, 248
109, 26800, 248
110, 27048, 248
111, 27296, 248
112, 27544, 248
113, 27792, 248
114, 28040, 248
115, 28288, 248
116, 28536, 248
117, 28784, 248
118, 29032, 128
119, 29160, 248
120, 29408, 248
121, 29656, 248
122, 29904, 248
123, 30152, 248
124, 30400, 248
125, 30648, 248
126, 30896, 248
127, 31144, 248
128, 31392, 248
129, 31640, 248
130, 31888, 248
131, 32136, 248
132, 32384, 248
133, 32632, 136
134, 32768, 248
135, 33016, 248
136, 33264, 248
137, 33512, 248
138, 33760, 248
139, 34008, 248
140, 34256, 248
141, 34504, 248
142, 34752, 248
143, 35000, 248
144, 35248, 248
145, 35496, 248
146, 35744, 248
147, 35992, 248
148, 36240, 248
149, 36488, 248
150, 36736, 248
151, 36984, 248
152, 37232, 248
153, 37480, 248
154, 37728, 248
155, 37976, 248
156, 38224, 248
157, 38472, 248
158, 38720, 248
159, 38968, 248
160, 39216, 248
161, 39464, 248
162, 39712, 248
163, 39960, 248
164, 40208, 248
165, 40456, 248
166, 40704, 248
167, 40952, 248
168, 41200, 248
169, 41448, 248
170, 41696, 248
171, 41944, 248
172, 42192, 248
173, 42440, 248
174, 42688, 248
175, 42936, 248
176, 43184, 248
177, 43432, 248
178, 43680, 248
179, 43928, 248
180, 44176, 248
181, 44424, 248
182, 44672, 248
183, 44920, 248
184, 45168, 248
185, 45416, 248
186, 45664, 248
187, 45912, 248
188, 46160, 248
189, 46408, 248
190, 46656, 248
191, 46904, 248
192, 47152, 248
193, 47400, 248
194, 47648, 248
195, 47896, 248
196, 48144, 248
197, 48392, 248
198, 48640, 248
199, 48888, 248
200, 49136, 16
201, 49152, 248
202, 49400, 248
203, 49648, 248
204, 49896, 248
205, 50144, 248
206, 50392, 248
207, 50640, 248
208, 50888, 248
209, 51136, 248
210, 51384, 248
211, 51632, 248
212, 51880, 248
213, 52128, 248
214, 52376, 248
215, 52624, 248
216, 52872, 248
217, 53120, 248
218, 53368, 248
219, 53616, 248
220, 53864, 248
221, 54112, 248
222, 54360, 248
223, 54608, 248
224, 54856, 248
225, 55104, 248
226, 55352, 248
227, 55600, 248
228, 55848, 248
229, 56096, 248
230, 56344, 248
231, 56592, 248
232, 56840, 248
233, 57088, 248
234, 57336, 248
235, 57584, 248
236, 57832, 248
237, 58080, 152
238, 58232, 248
239, 58480, 248
240, 58728, 248
241, 58976, 248
242, 59224, 248
243, 59472, 248
244, 59720, 248
245, 59968, 248
246, 60216, 248
247, 60464, 248
248, 60712, 248
249, 60960, 248
250, 61208, 248
251, 61456, 248
252, 61704, 248
253, 61952, 248
254, 62200, 248
255, 62448, 248
256, 62696, 248
257, 62944, 248
258, 63192, 248
259, 63440, 248
260, 63688, 248
261, 63936, 248
262, 64184, 248
263, 64432, 248
264, 64680, 248
265, 64928, 248
266, 65176, 248
267, 65424, 112
268, 65536, 248
269, 65784, 248
270, 66032, 248
271, 66280, 248
272, 66528, 248
273, 66776, 64
274, 66840, 248
275, 67088, 248
276, 67336, 248
277, 67584, 248
278, 67832, 248
279, 68080, 248
280, 68328, 248
281, 68576, 248
282, 68824, 248
283, 69072, 248
284, 69320, 248
285, 69568, 248
286, 69816, 248
287, 70064, 248
288, 70312, 248
289, 70560, 248
290, 70808, 248
291, 71056, 248
292, 71304, 248
293, 71552, 248
294, 71800, 248
295, 72048, 248
296, 72296, 248
297, 72544, 248
298, 72792, 248
299, 73040, 248
300, 73288, 248
301, 73536, 248
302, 73784, 248
303, 74032, 248
304, 74280, 248
305, 74528, 248
306, 74776, 248
307, 75024, 248
308, 75272, 248
309, 75520, 248
310, 75768, 248
311, 76016, 248
312, 76264, 248
313, 76512, 248
314, 76760, 248
315, 77008, 248
316, 77256, 248
317, 77504, 248
318, 77752, 248
319, 78000, 248
320, 78248, 248
321, 78496, 248
322, 78744, 248
323, 78992, 248
324, 79240, 248
325, 79488, 248
326, 79736, 248
327, 79984, 248
328, 80232, 248
329, 80480, 248
330, 80728, 248
331, 80976, 248
332, 81224, 248
333, 81472, 248
334, 81720, 200
335, 81920, 248
336, 82168, 248
337, 82416, 248
338, 82664, 248
339, 82912, 248
340, 83160, 248
341, 83408, 248
342, 83656, 248
343, 83904, 248
344, 84152, 248
345, 84400, 248
346, 84648, 248
347, 84896, 248
348, 85144, 248
349, 85392, 248
350, 85640, 248
351, 85888, 248
352, 86136, 248
353, 86384, 248
354, 86632, 248
355, 86880, 248
356, 87128, 248
357, 87376, 248
358, 87624, 248
359, 87872, 248
360, 88120, 248
361, 88368, 248
362, 88616, 248
363, 88864, 248
364, 89112, 248
365, 89360, 248
366, 89608, 248
367, 89856, 248
368, 90104, 248
369, 90352, 248
370, 90600, 248
371, 90848, 248
372, 91096, 248
373, 91344, 248
374, 91592, 248
375, 91840, 248
376, 92088, 248
377, 92336, 248
378, 92584, 248
379, 92832, 248
380, 93080, 248
381, 93328, 248
382, 93576, 248
383, 93824, 248
384, 94072, 248
385, 94320, 248
386, 94568, 248
387, 94816, 248
388, 95064, 248
389, 95312, 248
390, 95560, 248
391, 95808, 248
392, 96056, 248
393, 96304, 144
394, 524280, 8
395, 96448, 248
396, 96696, 248
397, 96944, 248
398, 97192, 248
399, 97440, 248
400, 97688, 248
401, 97936, 248
402, 98184, 120
403, 98304, 248
404, 98552, 248
405, 98800, 248
406, 99048, 248
407, 99296, 248
408, 99544, 248
409, 99792, 248
410, 100040, 248
411, 100288, 248
412, 100536, 248
413, 100784, 248
414, 101032, 248
415, 101280, 248
416, 101528, 248
417, 101776, 248
418, 102024, 248
419, 102272, 248
420, 102520, 248
421, 102768, 248
422, 103016, 248
423, 103264, 248
424, 103512, 248
425, 103760, 248
426, 104008, 248
427, 104256, 248
428, 104504, 248
429, 104752, 248
430, 105000, 248
431, 105248, 248
432, 105496, 248
433, 105744, 248
434, 105992, 248
435, 106240, 248
436, 106488, 248
437, 106736, 248
438, 106984, 248
439, 107232, 248
440, 107480, 248
441, 107728, 248
442, 107976, 248
443, 108224, 248
444, 108472, 248
445, 108720, 248
446, 108968, 248
447, 109216, 248
448, 109464, 248
449, 109712, 248
450, 109960, 248
451, 110208, 248
452, 110456, 248
453, 110704, 248
454, 110952, 248
455, 111200, 248
456, 111448, 248
457, 111696, 248
458, 111944, 248
459, 112192, 248
460, 112440, 248
461, 112688, 248
462, 112936, 248
463, 113184, 248
464, 113432, 248
465, 113680, 248
466, 113928, 248
467, 114176, 248
468, 114424, 248
469, 114672, 16
470, 114688, 248
471, 114936, 248
472, 115184, 248
473, 115432, 248
474, 115680, 248
475, 115928, 248
476, 116176, 248
477, 116424, 248
478, 116672, 248
479, 116920, 248
480, 117168, 248
481, 117416, 248
482, 117664, 248
483, 117912, 248
484, 118160, 248
485, 118408, 248
486, 118656, 248
487, 118904, 248
488, 119152, 248
489, 119400, 248
490, 119648, 248
491, 119896, 248
492, 120144, 248
493, 120392, 248
494, 120640, 248
495, 120888, 248
496, 121136, 248
497, 121384, 248
498, 121632, 248
499, 121880, 248
500, 122128, 248
501, 122376, 248
502, 122624, 248
503, 122872, 248
504, 123120, 248
505, 123368, 248
506, 123616, 248
507, 123864, 248
508, 124112, 248
509, 124360, 248
510, 124608, 248
511, 124856, 248
512, 125104, 248
513, 125352, 176
514, 125528, 248
515, 125776, 248
516, 126024, 248
517, 126272, 248
518, 126520, 248
519, 126768, 248
520, 127016, 248
521, 127264, 248
522, 127512, 248
523, 127760, 248
524, 128008, 248
525, 128256, 248
526, 128504, 248
527, 128752, 248
528, 129000, 248
529, 129248, 248
530, 129496, 248
531, 129744, 248
532, 129992, 248
533, 130240, 248
534, 130488, 248
535, 130736, 248
536, 130984, 88
537, 131072, 248
538, 131320, 248
539, 131568, 248
540, 131816, 248
541, 132064, 248
542, 132312, 248
543, 132560, 248
544, 132808, 248
545, 133056, 248
546, 133304, 248
547, 133552, 248
548, 133800, 248
549, 134048, 96
550, 134144, 248
551, 134392, 248
552, 134640, 112
